"Prénom","Nom","Email","Téléphone","Tags"
"Camille","Rochat","camille.rochat@example.org","+41 79 000 10 01","accueil, habitué"
"Julien","Favre","julien.favre@example.org","+41 79 000 10 02","logistique"
"René","Sansmail","","+41 79 000 10 03","accueil"
"Anaïs","Mercier 4","import.membre.3@example.org","+41 79 000 03 00","accueil"
"","Mercier 5","import.membre.4@example.org","+41 79 000 04 00","logistique, permis-b"
"Émilie","Mercier 6","adresse-incomplete","+41 79 000 05 00","accueil"
"Sophie","Mercier 7","import.membre.6@example.org","+41 79 000 06 00","logistique, permis-b"
"Théo","Mercier 8","import.membre.6@example.org","+41 79 000 07 00","accueil"
"=1+1","Mercier 9","import.membre.8@example.org","+41 79 000 08 00","logistique, permis-b"
"Léon","Mercier 10","import.membre.9@example.org","+41 79 000 09 00","accueil"
"Émilie","Mercier 11","import.membre.10@example.org","+41 79 000 10 00","logistique, permis-b"
"Sophie","Mercier 12","import.membre.11@example.org","+41 79 000 11 00","accueil"
"Théo","Mercier 13","import.membre.12@example.org","+41 79 000 12 00","logistique, permis-b"
"Anaïs","Mercier 14","import.membre.13@example.org","+41 79 000 13 00","accueil"
"Léon","Mercier 15","import.membre.14@example.org","+41 79 000 14 00","logistique, permis-b"
"Émilie","Mercier 16","import.membre.15@example.org","+41 79 000 15 00","accueil"
"Sophie","Mercier 17","import.membre.16@example.org","+41 79 000 16 00","logistique, permis-b"
"Théo","Mercier 18","import.membre.17@example.org","+41 79 000 17 00","accueil"
"Anaïs","Mercier 19","import.membre.18@example.org","+41 79 000 18 00","logistique, permis-b"
"Léon","Mercier 20","import.membre.19@example.org","+41 79 000 19 00","accueil"
"Émilie","Mercier 21","import.membre.20@example.org","+41 79 000 20 00","logistique, permis-b"
"Sophie","Mercier 22","import.membre.21@example.org","+41 79 000 21 00","accueil"
"Théo","Mercier 23","import.membre.22@example.org","+41 79 000 22 00","logistique, permis-b"
"Anaïs","Mercier 24","import.membre.23@example.org","+41 79 000 23 00","accueil"
"Léon","Mercier 25","import.membre.24@example.org","+41 79 000 24 00","logistique, permis-b"
"Émilie","Mercier 26","import.membre.25@example.org","+41 79 000 25 00","accueil"
"Sophie","Mercier 27","import.membre.26@example.org","+41 79 000 26 00","logistique, permis-b"
"Théo","Mercier 28","import.membre.27@example.org","+41 79 000 27 00","accueil"
"Anaïs","Mercier 29","import.membre.28@example.org","+41 79 000 28 00","logistique, permis-b"
"Léon","Mercier 30","import.membre.29@example.org","+41 79 000 29 00","accueil"
"Émilie","Mercier 31","import.membre.30@example.org","+41 79 000 30 00","logistique, permis-b"
"Sophie","Mercier 32","import.membre.31@example.org","+41 79 000 31 00","accueil"
"Théo","Mercier 33","import.membre.32@example.org","+41 79 000 32 00","logistique, permis-b"
"Anaïs","Mercier 34","import.membre.33@example.org","+41 79 000 33 00","accueil"
"Léon","Mercier 35","import.membre.34@example.org","+41 79 000 34 00","logistique, permis-b"
"Émilie","Mercier 36","import.membre.35@example.org","+41 79 000 35 00","accueil"
"Sophie","Mercier 37","import.membre.36@example.org","+41 79 000 36 00","logistique, permis-b"
"Théo","Mercier 38","import.membre.37@example.org","+41 79 000 37 00","accueil"
"Anaïs","Mercier 39","import.membre.38@example.org","+41 79 000 38 00","logistique, permis-b"
"Léon","Mercier 40","import.membre.39@example.org","+41 79 000 39 00","accueil"
