"Prénom","Nom","Email","Téléphone","Tags"
"Camille","Rochat","camille.rochat@example.org","+41 79 000 10 01","accueil, habitué"
"Julien","Favre","julien.favre@example.org","+41 79 000 10 02","logistique"
"René","Meyer","","+41 79 000 10 03","accueil"
"Anaïs","Mercier","import.membre.3@example.org","+41 79 000 03 00","accueil"
"","Renaud","import.membre.4@example.org","+41 79 000 04 00","logistique, permis-b"
"Émilie","Dumont","adresse-incomplete","+41 79 000 05 00","accueil"
"Sophie","Berger","import.membre.6@example.org","+41 79 000 06 00","logistique, permis-b"
"Théo","Perrin","import.membre.6@example.org","+41 79 000 07 00","accueil"
"=1+1","Perret","import.membre.8@example.org","+41 79 000 08 00","logistique, permis-b"
"Léon","Roux","import.membre.9@example.org","+41 79 000 09 00","accueil"
"Émilie","Leroy","import.membre.10@example.org","+41 79 000 10 00","logistique, permis-b"
"Sophie","Dubois","import.membre.11@example.org","+41 79 000 11 00","accueil"
"Théo","Girard","import.membre.12@example.org","+41 79 000 12 00","logistique, permis-b"
"Anaïs","Martin","import.membre.13@example.org","+41 79 000 13 00","accueil"
"Léon","Blanc","import.membre.14@example.org","+41 79 000 14 00","logistique, permis-b"
"Émilie","Fontaine","import.membre.15@example.org","+41 79 000 15 00","accueil"
"Sophie","Chevalier","import.membre.16@example.org","+41 79 000 16 00","logistique, permis-b"
"Théo","Garnier","import.membre.17@example.org","+41 79 000 17 00","accueil"
"Anaïs","Rochat","import.membre.18@example.org","+41 79 000 18 00","logistique, permis-b"
"Léon","Chappuis","import.membre.19@example.org","+41 79 000 19 00","accueil"
"Émilie","Baud","import.membre.20@example.org","+41 79 000 20 00","logistique, permis-b"
"Sophie","Henry","import.membre.21@example.org","+41 79 000 21 00","accueil"
"Théo","Dutoit","import.membre.22@example.org","+41 79 000 22 00","logistique, permis-b"
"Anaïs","Richard","import.membre.23@example.org","+41 79 000 23 00","accueil"
"Léon","Colin","import.membre.24@example.org","+41 79 000 24 00","logistique, permis-b"
"Émilie","Besson","import.membre.25@example.org","+41 79 000 25 00","accueil"
"Sophie","Gaillard","import.membre.26@example.org","+41 79 000 26 00","logistique, permis-b"
"Théo","Picard","import.membre.27@example.org","+41 79 000 27 00","accueil"
"Anaïs","Rey","import.membre.28@example.org","+41 79 000 28 00","logistique, permis-b"
"Léon","Gautier","import.membre.29@example.org","+41 79 000 29 00","accueil"
"Émilie","Schmid","import.membre.30@example.org","+41 79 000 30 00","logistique, permis-b"
"Sophie","Laurent","import.membre.31@example.org","+41 79 000 31 00","accueil"
"Théo","Bovet","import.membre.32@example.org","+41 79 000 32 00","logistique, permis-b"
"Anaïs","Bonnet","import.membre.33@example.org","+41 79 000 33 00","accueil"
"Léon","Fischer","import.membre.34@example.org","+41 79 000 34 00","logistique, permis-b"
"Émilie","Pasquier","import.membre.35@example.org","+41 79 000 35 00","accueil"
"Sophie","Monnier","import.membre.36@example.org","+41 79 000 36 00","logistique, permis-b"
"Théo","Jeanneret","import.membre.37@example.org","+41 79 000 37 00","accueil"
"Anaïs","Robert","import.membre.38@example.org","+41 79 000 38 00","logistique, permis-b"
"Léon","Moreau","import.membre.39@example.org","+41 79 000 39 00","accueil"
